{"points_image1": [[743.6506958007812, 394.72296142578125], [935.5020751953125, 406.3503112792969], [639.0045166015625, 447.0460510253906], [1144.79443359375, 429.60504150390625], [1092.4713134765625, 173.80322265625], [627.3771362304688, 226.12632751464844], [819.228515625, 16.833934783935547], [830.8558959960938, 505.1828308105469], [836.6695556640625, 604.015380859375], [761.0917358398438, 609.8290405273438], [918.06103515625, 604.015380859375], [778.5327758789062, 848.1898193359375], [458.780517578125, 935.3949584960938], [1493.6151123046875, 999.3453979492188], [668.0728759765625, 970.2770385742188], [0.0, 0.0], [2047.0, 0.0], [0.0, 1365.0], [2047.0, 1365.0], [1024.0, 0.0], [1024.0, 1365.0], [0.0, 683.0], [2047.0, 683.0]], "points_image2": [[849.8824462890625, 557.0059204101562], [1094.056884765625, 510.49652099609375], [652.2174072265625, 626.7700805664062], [1314.9766845703125, 591.8880004882812], [1274.2808837890625, 260.5083923339844], [617.3353271484375, 376.78192138671875], [902.20556640625, 155.86219787597656], [989.4107055664062, 644.2111206054688], [1012.6654052734375, 772.1119995117188], [919.6466064453125, 812.8077392578125], [1117.3116455078125, 766.29833984375], [989.4107055664062, 1126.746337890625], [303.3967590332031, 1109.3052978515625], [1925.4127197265625, 1167.4420166015625], [954.5286254882812, 1272.0882568359375], [0.0, 0.0], [2047.0, 0.0], [0.0, 1364.0], [2047.0, 1364.0], [1024.0, 0.0], [1024.0, 1364.0], [0.0, 682.0], [2047.0, 682.0]]}