{"points_image1": [[295.0437316894531, 302.884765625], [419.31109619140625, 294.70928955078125], [193.66773986816406, 317.60064697265625], [535.4029541015625, 299.6145935058594], [357.17742919921875, 389.5448913574219], [324.4754943847656, 384.6396179199219], [388.2442626953125, 379.73431396484375], [335.9211730957031, 536.70361328125], [414.4057922363281, 530.1632080078125], [257.4365234375, 479.4752197265625], [491.2553405761719, 466.3944396972656], [226.3696746826172, 356.84295654296875], [502.7010192871094, 329.04632568359375], [244.35574340820312, 105.0380630493164], [455.2832336425781, 106.67316436767578], [0.0, 0.0], [719.0, 0.0], [0.0, 719.0], [719.0, 719.0], [360.0, 0.0], [360.0, 719.0], [0.0, 360.0], [719.0, 360.0]], "points_image2": [[284.56427001953125, 378.0992126464844], [418.6421813964844, 376.4641418457031], [157.02670288085938, 356.84295654296875], [523.2883911132812, 335.5867004394531], [353.2383117675781, 526.8930053710938], [317.2662048339844, 484.3805236816406], [381.03497314453125, 477.8401184082031], [320.536376953125, 616.8233642578125], [382.6700744628906, 611.9180908203125], [225.70077514648438, 499.09637451171875], [470.9653015136719, 495.8262023925781], [210.9849090576172, 400.9905700683594], [474.2354736328125, 409.16607666015625], [238.78155517578125, 100.13277435302734], [475.8705749511719, 105.0380630493164], [0.0, 0.0], [719.0, 0.0], [0.0, 719.0], [719.0, 719.0], [360.0, 0.0], [360.0, 719.0], [0.0, 360.0], [719.0, 360.0]]}